Insert INTO tenant (display_name, role)
VALUES ('WR Response','RSH'),
  ('DCU','DCU'),
  ('UKVI','UKVI'),
  ('FOI','FOI'),
  ('HMPO Complaints','HMPO');
Insert INTO case_type (display_name, type, tenant_role, active,bulk)
VALUES ('RSH', 'RSH', 'RSH', true, true),
  ('DCU Ministerial', 'MIN', 'DCU', true, true),
  ('DCU Treat Official', 'TRO', 'DCU', true, true),
  ('DCU Number 10', 'DTEN', 'DCU', true, false),
  ('UKVI B REF', 'IMCB', 'UKVI', true, true),
  ('UKVI Ministerial REF', 'IMCM', 'UKVI', true, true),
  ('UKVI Number 10', 'UTEN', 'UKVI', true, true),
  ('FOI Request', 'FOI', 'FOI', true, true),
  ('FOI Time Complaint', 'FTC', 'FOI', true, true),
  ('FOI Internal Review: Time Complaint', 'FTCI', 'FOI', true, true),
  ('FOI Substantive Complaint', 'FSC', 'FOI', true, true),
  ('FOI Internal Review: Substantive Complaint', 'FSCI', 'FOI', true, true),
  ('HMPO Complaint', 'COM', 'HMPO', true, true),
  ('HMPO Complaint Stage 1', 'COM1', 'HMPO', true, true),
  ('HMPO Compalint Stage 2', 'COM2', 'HMPO', true, true),
  ('HMPO Director General', 'DGEN', 'HMPO', true, true),
  ('HMPO General', 'GNR', 'HMPO', true, true);
Insert INTO sla (stage_type, value, case_type)
VALUES ('DCU_MIN_INITIAL_DRAFT', 10, 'MIN'),
  ('DCU_MIN_DISPATCH', 20, 'MIN'),
('DCU_TRO_INITIAL_DRAFT', 10, 'TRO'),
('DCU_TRO_DISPATCH', 20, 'TRO');
Insert INTO holiday_date (date, case_type)
VALUES ('2018-08-27', 'MIN'),
  ('2018-12-25', 'MIN'),
  ('2018-12-26', 'MIN'),
  ('2019-01-01', 'MIN'),
  ('2019-04-19', 'MIN'),
  ('2019-04-22', 'MIN'),
  ('2019-05-06', 'MIN'),
  ('2019-05-27', 'MIN'),
  ('2019-08-26', 'MIN'),
  ('2019-11-25', 'MIN'),
  ('2019-11-26', 'IMCM'),
  ('2018-11-25', 'IMCM'),
  ('2018-11-26', 'IMCM'),
  ('2019-02-01', 'IMCM'),
  ('2019-02-19', 'IMCM'),
  ('2019-02-22', 'IMCM'),
  ('2019-02-06', 'IMCM'),
  ('2019-02-27', 'IMCM'),
  ('2019-02-26', 'IMCM'),
  ('2019-12-15', 'IMCM'),
  ('2019-12-16', 'IMCM');
INSERT INTO house(display_name, type) VALUES
  ('House Of Commons', 'COMMONS'),
  ('House Of Lords', 'LORDS');
INSERT INTO member (display_name, letter_name, external_id, house, uuid, active)
VALUES
  ('MP1','RT HON MP1 MP', '1', 'COMMONS', 'd9a93c21-a1a8-4a5d-aa7b-597bb95a782c',TRUE),
  ('MP2','RT HON MP2 MP', '2', 'LORDS', 'af63aefc-42ec-4797-9837-fb781b771d8d',TRUE),
  ('MP3','RT HON MP1 MP', '3', 'COMMONS', 'b20ae319-a35b-406a-9201-0ac6a249ce6d',TRUE),
  ('MP4','RT HON MP2 MP', '4', 'LORDS', 'f390cc0a-5f81-48a0-a872-fb0b43ee33f1',TRUE),
  ('MP5','RT HON MP1 MP', '5', 'COMMONS', 'f2601361-4761-4e70-9162-8382eed136ac',TRUE),
  ('MP6','RT HON MP2 MP', '6', 'LORDS', '2245d58f-3331-45e9-9354-d14ab78799c3',TRUE),
  ('MP7','RT HON MP1 MP', '7', 'COMMONS', 'ef2d6076-9999-4c97-9b0d-ac94ab5257c2',TRUE),
  ('MP8','RT HON MP2 MP', '8', 'LORDS', '776cf57b-b707-4774-8765-a7ec70fdaee1',TRUE),
  ('MP9','RT HON MP1 MP', '9', 'COMMONS', '9be3f770-2372-4137-b03f-29e8ca302dab',TRUE),
  ('MP10','RT HON MP2 MP', '10', 'LORDS', '60193414-d6a2-46f5-a1b1-79dd44478aa2',TRUE),
  ('MP11','RT HON MP1 MP', '11', 'COMMONS', '49247bfb-73ad-4445-94e8-8845747d6de8',TRUE),
  ('MP12','RT HON MP2 MP', '12', 'LORDS', '0db4803b-bff0-4cc2-9e8d-a9326e066560',TRUE),
  ('MP13','RT HON MP1 MP', '13', 'COMMONS', '45c2f07e-639b-4239-a095-af347d8a2503',TRUE),
  ('MP14','RT HON MP2 MP', '14', 'LORDS', '62e5c982-ed2e-4da9-b7db-f2b92e0e2e62',TRUE),
  ('MP15','RT HON MP1 MP', '15', 'COMMONS', '0638f9c7-4a47-4766-a808-b9158bbccd36',TRUE),
  ('MP16','RT HON MP2 MP', '16', 'LORDS', 'd0555b67-ec2e-4ca9-96ca-e477227f173f',TRUE),
  ('MP17','RT HON MP1 MP', '17', 'COMMONS', 'c844e782-ca0b-4bf0-bd75-5d0b20cbc77c',TRUE),
  ('MP18','RT HON MP2 MP', '18', 'LORDS', '791dadec-8eee-41af-91b1-030667c5c38a',TRUE),
  ('MP19','RT HON MP1 MP', '19', 'COMMONS', '3ff2c9f3-faa1-41a3-8408-3ecb057cc35f',TRUE),
  ('MP20','RT HON MP2 MP', '20', 'LORDS', 'c3f5089b-f4eb-469f-bcad-1b60cc66be7d',TRUE),
  ('MP21','RT HON MP1 MP', '21', 'COMMONS', '151d0ac7-d618-42dc-bd94-6fab6c088453',TRUE),
  ('MP22','RT HON MP2 MP', '22', 'LORDS', '415b4776-2cb8-4428-8566-4c9f459c2d3c',TRUE),
  ('MP23','RT HON MP1 MP', '23', 'COMMONS', '27d109c8-dd1c-4326-a3a3-739f32deb645',TRUE),
  ('MP24','RT HON MP2 MP', '24', 'LORDS', 'd2d2bc17-b05c-4791-8232-77eb0cd50c6a',TRUE),
  ('MP25','RT HON MP1 MP', '25', 'COMMONS', '49e4f2d0-7860-4c54-bece-f16426017ff9',TRUE),
  ('MP26','RT HON MP2 MP', '26', 'LORDS', '8e8afc3c-099f-439d-ba97-1ac2282bcec5',TRUE),
  ('MP27','RT HON MP1 MP', '27', 'COMMONS', '493b8c7d-15d8-44d4-a837-128678beeb23',TRUE),
  ('MP28','RT HON MP2 MP', '28', 'LORDS', 'fb6a9421-adb9-4893-9a93-65c013860d52',TRUE),
  ('MP29','RT HON MP1 MP', '29', 'COMMONS', '310d9915-f35a-4911-aa4a-80109ae8ec35',TRUE),
  ('MP30','RT HON MP2 MP', '30', 'LORDS', 'b88fcb97-62fc-4e4b-81ae-136782292934',TRUE),
  ('MP31','RT HON MP1 MP', '31', 'COMMONS', '7d4619a2-2c98-4921-a274-800f4e5500d5',TRUE),
  ('MP32','RT HON MP2 MP', '32', 'LORDS', 'dbd445ae-a2a6-405b-8b45-05a775dcfd34',TRUE),
  ('MP33','RT HON MP1 MP', '33', 'COMMONS', '3a59a5da-74f7-4f38-9e47-6cd182a5790b',TRUE),
  ('MP34','RT HON MP2 MP', '34', 'LORDS', '3605adf3-6671-41cd-a2d5-6dd051cc5f92',TRUE),
  ('MP35','RT HON MP1 MP', '35', 'COMMONS', '9875f6fc-1e16-47f1-bf65-4d58cfc8af1a',TRUE),
  ('MP36','RT HON MP2 MP', '36', 'LORDS', '6df35670-66a4-4d64-88c3-e950288a5bee',TRUE);
INSERT INTO house_case_type(house, case_type) VALUES
  ('COMMONS', 'MIN'),
  ('LORDS', 'MIN'),
  ('COMMONS', 'DTEN');
INSERT INTO unit(display_name, uuid, active)  VALUES
  ('COMMONS'    , 'd9a93c21-a1a8-4a5d-aa7b-597bb95a782c',TRUE),
  ('1LORDS'     , 'af63aefc-42ec-4797-9837-fb781b771d8d',TRUE),
  ('2COMMONS'   , 'b20ae319-a35b-406a-9201-0ac6a249ce6d',TRUE),
  ('3LORDS'     , 'f390cc0a-5f81-48a0-a872-fb0b43ee33f1',TRUE),
  ('4COMMONS'   , 'f2601361-4761-4e70-9162-8382eed136ac',TRUE),
  ('5LORDS'     , '2245d58f-3331-45e9-9354-d14ab78799c3',TRUE),
  ('6COMMONS'   , 'ef2d6076-9999-4c97-9b0d-ac94ab5257c2',TRUE),
  ('7LORDS'     , '776cf57b-b707-4774-8765-a7ec70fdaee1',TRUE),
  ('8COMMONS'   , '9be3f770-2372-4137-b03f-29e8ca302dab',TRUE),
  ('9LORDS'     , '60193414-d6a2-46f5-a1b1-79dd44478aa2',TRUE),
  ('11COMMONS'  , '49247bfb-73ad-4445-94e8-8845747d6de8',TRUE),
  ('22LORDS'    , '0db4803b-bff0-4cc2-9e8d-a9326e066560',TRUE),
  ('33COMMONS'  , '45c2f07e-639b-4239-a095-af347d8a2503',TRUE),
  ('44LORDS'    , '62e5c982-ed2e-4da9-b7db-f2b92e0e2e62',TRUE),
  ('55COMMONS'  , '0638f9c7-4a47-4766-a808-b9158bbccd36',TRUE),
  ('66LORDS'    , 'd0555b67-ec2e-4ca9-96ca-e477227f173f',TRUE),
  ('77COMMONS'  , 'c844e782-ca0b-4bf0-bd75-5d0b20cbc77c',TRUE),
  ('88LORDS'    , '791dadec-8eee-41af-91b1-030667c5c38a',TRUE),
  ('99COMMONS'  , '3ff2c9f3-faa1-41a3-8408-3ecb057cc35f',TRUE),
  ('111LORDS'   , 'c3f5089b-f4eb-469f-bcad-1b60cc66be7d',TRUE),
  ('222COMMONS' , '151d0ac7-d618-42dc-bd94-6fab6c088453',TRUE),
  ('333LORDS'   , '415b4776-2cb8-4428-8566-4c9f459c2d3c',TRUE),
  ('444COMMONS' , '27d109c8-dd1c-4326-a3a3-739f32deb645',TRUE),
  ('555LORDS'   , 'd2d2bc17-b05c-4791-8232-77eb0cd50c6a',TRUE),
  ('666COMMONS' , '49e4f2d0-7860-4c54-bece-f16426017ff9',TRUE),
  ('777LORDS'   , '8e8afc3c-099f-439d-ba97-1ac2282bcec5',TRUE),
  ('888COMMONS' , '493b8c7d-15d8-44d4-a837-128678beeb23',TRUE),
  ('999LORDS'   , 'fb6a9421-adb9-4893-9a93-65c013860d52',TRUE),
  ('1111COMMONS', '310d9915-f35a-4911-aa4a-80109ae8ec35',TRUE),
  ('2222LORDS'  , 'b88fcb97-62fc-4e4b-81ae-136782292934',TRUE),
  ('3333COMMONS', '7d4619a2-2c98-4921-a274-800f4e5500d5',TRUE),
  ('4444LORDS'  , 'dbd445ae-a2a6-405b-8b45-05a775dcfd34',TRUE),
  ('5555COMMONS', '3a59a5da-74f7-4f38-9e47-6cd182a5790b',TRUE),
  ('6666LORDS'  , '3605adf3-6671-41cd-a2d5-6dd051cc5f92',TRUE),
  ('7777COMMONS', '9975f6fc-1e16-47f1-bf65-4d58cfc8af1a',TRUE),
  ('8888LORDS'  , '64f35670-66a4-4d64-88c3-e950288a5bee',TRUE);
INSERT INTO team(display_name, uuid, unit_uuid) VALUES
  ('TEAM 1', '415b4776-2cb8-4428-8566-4c9f459c2d3c', '64f35670-66a4-4d64-88c3-e950288a5bee'),
  ('TEAM 2', '515b4776-2cb8-4428-8566-4c9f459c2d3c', '64f35670-66a4-4d64-88c3-e950288a5bee'),
  ('TEAM 3', '777b4776-2cb8-4428-8566-4c9f459c2d3c', '64f35670-66a4-4d64-88c3-e950288a5bee'),
  ('TEAM 4', '177b4776-2cb8-4428-8566-4c9f459c2d3c', 'd9a93c21-a1a8-4a5d-aa7b-597bb95a782c'),
  ('TEAM 5', '277b4776-2cb8-4428-8566-4c9f459c2d3c', 'af63aefc-42ec-4797-9837-fb781b771d8d'),
  ('TEAM 6', '377b4776-2cb8-4428-8566-4c9f459c2d3c', 'b20ae319-a35b-406a-9201-0ac6a249ce6d'),
  ('TEAM 7', '477b4776-2cb8-4428-8566-4c9f459c2d3c', 'f390cc0a-5f81-48a0-a872-fb0b43ee33f1'),
  ('TEAM 8', '577b4776-2cb8-4428-8566-4c9f459c2d3c', 'f2601361-4761-4e70-9162-8382eed136ac'),
  ('TEAM 9', '677b4776-2cb8-4428-8566-4c9f459c2d3c', '2245d58f-3331-45e9-9354-d14ab78799c3'),
  ('TEAM 10', '777c4776-2cb8-4428-8566-4c9f459c2d3c', 'ef2d6076-9999-4c97-9b0d-ac94ab5257c2'),
  ('TEAM 11', '877b4776-2cb8-4428-8566-4c9f459c2d3c', '776cf57b-b707-4774-8765-a7ec70fdaee1'),
  ('TEAM 12', '977b4776-2cb8-4428-8566-4c9f459c2d3c', '9be3f770-2372-4137-b03f-29e8ca302dab'),
  ('TEAM 13', '717b4776-2cb8-4428-8566-4c9f459c2d3c', '60193414-d6a2-46f5-a1b1-79dd44478aa2'),
  ('TEAM 14', '727b4776-2cb8-4428-8566-4c9f459c2d3c', '49247bfb-73ad-4445-94e8-8845747d6de8'),
  ('TEAM 15', '737b4776-2cb8-4428-8566-4c9f459c2d3c', '0db4803b-bff0-4cc2-9e8d-a9326e066560'),
  ('TEAM 16', '747b4776-2cb8-4428-8566-4c9f459c2d3c', '45c2f07e-639b-4239-a095-af347d8a2503'),
  ('TEAM 17', '757b4776-2cb8-4428-8566-4c9f459c2d3c', '62e5c982-ed2e-4da9-b7db-f2b92e0e2e62'),
  ('TEAM 18', '767b4776-2cb8-4428-8566-4c9f459c2d3c', '0638f9c7-4a47-4766-a808-b9158bbccd36'),
  ('TEAM 19', '787b4776-2cb8-4428-8566-4c9f459c2d3c', 'd0555b67-ec2e-4ca9-96ca-e477227f173f'),
  ('TEAM 20', '709b4776-2cb8-4428-8566-4c9f459c2d3c', 'c844e782-ca0b-4bf0-bd75-5d0b20cbc77c'),
  ('TEAM 21', '771b4776-2cb8-4428-8566-4c9f459c2d3c', '791dadec-8eee-41af-91b1-030667c5c38a'),
  ('TEAM 22', '772b4776-2cb8-4428-8566-4c9f459c2d3c', '3ff2c9f3-faa1-41a3-8408-3ecb057cc35f'),
  ('TEAM 23', '773b4776-2cb8-4428-8566-4c9f459c2d3c', 'c3f5089b-f4eb-469f-bcad-1b60cc66be7d'),
  ('TEAM 24', '774b4776-2cb8-4428-8566-4c9f459c2d3c', '151d0ac7-d618-42dc-bd94-6fab6c088453'),
  ('TEAM 25', '775b4776-2cb8-4428-8566-4c9f459c2d3c', '415b4776-2cb8-4428-8566-4c9f459c2d3c'),
  ('TEAM 26', '776b4776-2cb8-4428-8566-4c9f459c2d3c', '27d109c8-dd1c-4326-a3a3-739f32deb645'),
  ('TEAM 27', '778b4776-2cb8-4428-8566-4c9f459c2d3c', 'd2d2bc17-b05c-4791-8232-77eb0cd50c6a'),
  ('TEAM 28', '779b4776-2cb8-4428-8566-4c9f459c2d3c', '49e4f2d0-7860-4c54-bece-f16426017ff9'),
  ('TEAM 29', '77714776-2cb8-4428-8566-4c9f459c2d3c', '8e8afc3c-099f-439d-ba97-1ac2282bcec5'),
  ('TEAM 30', '77724776-2cb8-4428-8566-4c9f459c2d3c', '493b8c7d-15d8-44d4-a837-128678beeb23'),
  ('TEAM 31', '77734776-2cb8-4428-8566-4c9f459c2d3c', 'fb6a9421-adb9-4893-9a93-65c013860d52'),
  ('TEAM 32', '77744776-2cb8-4428-8566-4c9f459c2d3c', '310d9915-f35a-4911-aa4a-80109ae8ec35'),
  ('TEAM 33', '77754776-2cb8-4428-8566-4c9f459c2d3c', 'b88fcb97-62fc-4e4b-81ae-136782292934'),
  ('TEAM 34', '77764776-2cb8-4428-8566-4c9f459c2d3c', '7d4619a2-2c98-4921-a274-800f4e5500d5'),
  ('TEAM 35', '77774776-2cb8-4428-8566-4c9f459c2d3c', 'dbd445ae-a2a6-405b-8b45-05a775dcfd34'),
  ('TEAM 36', '77784776-2cb8-4428-8566-4c9f459c2d3c', '3a59a5da-74f7-4f38-9e47-6cd182a5790b'),
  ('TEAM 37', '77794776-2cb8-4428-8566-4c9f459c2d3c', '3605adf3-6671-41cd-a2d5-6dd051cc5f92'),
  ('TEAM 38', '777c1776-2cb8-4428-8566-4c9f459c2d3c', '9975f6fc-1e16-47f1-bf65-4d58cfc8af1a'),
  ('TEAM 39', '70702776-2cb8-4428-8566-4c9f459c2d3c', '64f35670-66a4-4d64-88c3-e950288a5bee'),
  ('TEAM 40', '70802776-2cb8-4428-8566-4c9f459c2d3c',   '64f35670-66a4-4d64-88c3-e950288a5bee');
INSERT INTO unit_case_type(unit_uuid,case_type) VALUES
  ('d9a93c21-a1a8-4a5d-aa7b-597bb95a782c', 'MIN'),
  ('af63aefc-42ec-4797-9837-fb781b771d8d', 'MIN'),
  ('b20ae319-a35b-406a-9201-0ac6a249ce6d', 'MIN'),
  ('f390cc0a-5f81-48a0-a872-fb0b43ee33f1', 'MIN'),
  ('f2601361-4761-4e70-9162-8382eed136ac', 'MIN'),
  ('2245d58f-3331-45e9-9354-d14ab78799c3', 'MIN'),
  ('ef2d6076-9999-4c97-9b0d-ac94ab5257c2', 'MIN'),
  ('776cf57b-b707-4774-8765-a7ec70fdaee1', 'MIN'),
  ('9be3f770-2372-4137-b03f-29e8ca302dab', 'MIN'),
  ('60193414-d6a2-46f5-a1b1-79dd44478aa2', 'MIN'),
  ('49247bfb-73ad-4445-94e8-8845747d6de8', 'MIN'),
  ('0db4803b-bff0-4cc2-9e8d-a9326e066560', 'MIN'),
  ('45c2f07e-639b-4239-a095-af347d8a2503', 'MIN'),
  ('62e5c982-ed2e-4da9-b7db-f2b92e0e2e62', 'MIN'),
  ('0638f9c7-4a47-4766-a808-b9158bbccd36', 'MIN'),
  ('d0555b67-ec2e-4ca9-96ca-e477227f173f', 'MIN'),
  ('c844e782-ca0b-4bf0-bd75-5d0b20cbc77c', 'MIN'),
  ('791dadec-8eee-41af-91b1-030667c5c38a', 'MIN'),
  ('3ff2c9f3-faa1-41a3-8408-3ecb057cc35f', 'MIN'),
  ('c3f5089b-f4eb-469f-bcad-1b60cc66be7d', 'MIN'),
  ('151d0ac7-d618-42dc-bd94-6fab6c088453', 'MIN'),
  ('415b4776-2cb8-4428-8566-4c9f459c2d3c', 'MIN'),
  ('27d109c8-dd1c-4326-a3a3-739f32deb645', 'MIN'),
  ('d2d2bc17-b05c-4791-8232-77eb0cd50c6a', 'MIN'),
  ('49e4f2d0-7860-4c54-bece-f16426017ff9', 'MIN'),
  ('8e8afc3c-099f-439d-ba97-1ac2282bcec5', 'MIN'),
  ('493b8c7d-15d8-44d4-a837-128678beeb23', 'MIN'),
  ('fb6a9421-adb9-4893-9a93-65c013860d52', 'MIN'),
  ('310d9915-f35a-4911-aa4a-80109ae8ec35', 'MIN'),
  ('b88fcb97-62fc-4e4b-81ae-136782292934', 'MIN'),
  ('7d4619a2-2c98-4921-a274-800f4e5500d5', 'MIN'),
  ('dbd445ae-a2a6-405b-8b45-05a775dcfd34', 'MIN'),
  ('3a59a5da-74f7-4f38-9e47-6cd182a5790b', 'MIN'),
  ('3605adf3-6671-41cd-a2d5-6dd051cc5f92', 'MIN'),
  ('9975f6fc-1e16-47f1-bf65-4d58cfc8af1a', 'MIN'),
  ('64f35670-66a4-4d64-88c3-e950288a5bee', 'MIN');